<?xml version="1.0" encoding="UTF-8"?>
<!DOCTYPE mapper PUBLIC "-//mybatis.org//DTD Mapper 3.0//EN" "http://mybatis.org/dtd/mybatis-3-mapper.dtd">

<mapper namespace="com.defi.mapper.CoinConfigDao">

	<!-- 可根据自己的需求，是否要使用 -->
    <resultMap type="com.defi.entity.CoinConfigEntity" id="BaseResultMap">
        <result property="id" column="id"/>
        <result property="coin" column="coin"/>
        <result property="coinId" column="coin_id"/>
        <result property="coinType" column="coin_type"/>
        <result property="contract" column="contract"/>
        <result property="token" column="token"/>
        <result property="round" column="round"/>
        <result property="mainAddress" column="main_address"/>
        <result property="password" column="password"/>
        <result property="collectAddress" column="collect_address"/>
        <result property="accountName" column="account_name"/>
        <result property="blockNo" column="block_no"/>
        <result property="valid" column="valid"/>
        <result property="remark" column="remark"/>
        <result property="createTime" column="create_time"/>
        <result property="updateTime" column="update_time"/>
    </resultMap>
    <!-- 通用查询结果列 -->
    <sql id="Base_Column_List">
        id, coin,coin_id,coin_type,contract, token, round,main_address,password,collect_address,account_name,block_no,valid,remark,create_time,update_time
    </sql>
    <select id="getEnableAll" resultMap="BaseResultMap">
        SELECT
        <include refid="Base_Column_List"/>
        FROM eth_token_coin_config
        WHERE valid='E'
    </select>

    <select id="getScanDataConfig" resultMap="BaseResultMap">
        SELECT
        <include refid="Base_Column_List"/>
        FROM eth_token_coin_config
        WHERE coin_type = 'EVENT' and valid='E'
    </select>

    <select id="getByCoinId" resultMap="BaseResultMap">
        SELECT
        <include refid="Base_Column_List"/>
        FROM eth_token_coin_config
        WHERE coin_id = #{coinId} AND valid='E' LIMIT 1
    </select>

    <update id="updateActionSeqById">
        UPDATE eth_token_coin_config
        SET block_no = #{blockNo},
        update_time = NOW()
        WHERE id=#{id}
    </update>

    <select id="getEnableByToken" resultMap="BaseResultMap">
        SELECT
        <include refid="Base_Column_List"/>
        FROM eth_token_coin_config
        WHERE contract = #{contract} AND valid='E' LIMIT 1
    </select>

</mapper>